instant,dteday,season,yr,mnth,holiday,weekday,workingday,is_weekend,weather_code,t1,t2,hum,wind_speed,cnt,n_hours,coverage
1,2015-01-04,3,0,1,0,0,0,1,3,2.4791666666666665,0.6458333333333334,94.27083333333331,7.5,9234,24,1.0
2,2015-01-05,3,0,1,0,1,1,0,3,8.041666666666666,6.708333333333333,80.3125,8.854166666666666,20372,24,1.0
3,2015-01-06,3,0,1,0,2,1,0,3,7.854166666666667,5.333333333333333,78.89583333333333,16.0,20613,24,1.0
4,2015-01-07,3,0,1,0,3,1,0,3,7.456521739130435,4.5,78.1086956521739,19.76086956521739,21064,23,0.9583333333333334
5,2015-01-08,3,0,1,0,4,1,0,4,9.75,7.791666666666667,79.3125,20.479166666666668,15601,24,1.0
6,2015-01-09,3,0,1,0,5,1,0,4,12.729166666666666,12.333333333333334,74.85416666666667,32.916666666666664,22104,24,1.0
7,2015-01-10,3,0,1,0,6,0,1,3,10.479166666666666,8.708333333333334,66.125,34.3125,14709,24,1.0
8,2015-01-11,3,0,1,0,0,0,1,3,6.645833333333333,2.4583333333333335,67.58333333333333,26.5625,14575,24,1.0
9,2015-01-12,3,0,1,0,1,1,0,5,11.125,9.75,76.58333333333333,28.1875,17199,24,1.0
10,2015-01-13,3,0,1,0,2,1,0,4,8.604166666666666,6.083333333333333,75.8125,21.208333333333332,24697,24,1.0
11,2015-01-14,3,0,1,0,3,1,0,3,6.5,2.4791666666666665,67.125,25.75,23565,24,1.0
12,2015-01-15,3,0,1,0,4,1,0,6,8.833333333333334,5.625,66.45833333333333,31.166666666666668,22968,24,1.0
13,2015-01-16,3,0,1,0,5,1,0,2,5.791666666666667,2.5416666666666665,66.22916666666667,17.458333333333332,22663,24,1.0
14,2015-01-17,3,0,1,0,6,0,1,2,3.7916666666666665,0.5625,75.10416666666667,13.583333333333334,15268,24,1.0
15,2015-01-18,3,0,1,0,0,0,1,4,3.3958333333333335,1.9166666666666667,84.33333333333333,6.979166666666667,13199,24,1.0
16,2015-01-19,3,0,1,0,1,1,0,3,2.4166666666666665,0.7916666666666666,80.0,6.1875,23034,24,1.0
17,2015-01-20,3,0,1,0,2,1,0,2,2.0625,-0.1666666666666666,81.95833333333333,9.166666666666666,23247,24,1.0
18,2015-01-21,3,0,1,0,3,1,0,4,3.0416666666666665,-0.375,84.27083333333333,14.729166666666666,22782,24,1.0
19,2015-01-22,3,0,1,0,4,1,0,2,2.5833333333333335,1.0416666666666667,74.47916666666667,6.729166666666667,23278,24,1.0
20,2015-01-23,3,0,1,0,5,1,0,2,2.7083333333333335,-0.0208333333333333,79.41666666666667,12.416666666666666,21892,24,1.0
21,2015-01-24,3,0,1,0,6,0,1,3,5.708333333333333,2.3333333333333335,72.72916666666667,18.0625,17539,24,1.0
22,2015-01-25,3,0,1,0,0,0,1,2,5.520833333333333,2.3125,77.375,16.166666666666668,15094,24,1.0
23,2015-01-26,3,0,1,0,1,1,0,3,8.5625,5.729166666666667,75.20833333333333,18.958333333333332,22710,24,1.0
24,2015-01-27,3,0,1,0,2,1,0,2,6.958333333333333,4.145833333333333,72.375,15.291666666666666,25000,24,1.0
25,2015-01-28,3,0,1,0,3,1,0,3,6.979166666666667,2.9166666666666665,71.02083333333333,29.145833333333332,21536,24,1.0
26,2015-01-29,3,0,1,0,4,1,0,3,3.7708333333333335,-1.25,73.52083333333333,26.5625,21275,24,1.0
27,2015-01-30,3,0,1,0,5,1,0,6,3.9791666666666665,0.1875,77.08333333333333,17.479166666666668,21171,24,1.0
28,2015-01-31,3,0,1,0,6,0,1,6,3.4166666666666665,-0.9166666666666666,77.91666666666667,20.125,10250,24,1.0
29,2015-02-01,3,0,2,0,0,0,1,5,3.7916666666666665,-0.8958333333333334,67.0,24.770833333333332,11305,24,1.0
30,2015-02-02,3,0,2,0,1,1,0,1,1.25,-2.3958333333333335,64.85416666666667,12.625,21640,24,1.0
31,2015-02-03,3,0,2,0,2,1,0,8,2.1666666666666665,-1.0416666666666667,85.5,11.833333333333334,19869,24,1.0
32,2015-02-04,3,0,2,0,3,1,0,3,2.875,-0.5208333333333334,80.6875,14.125,21850,24,1.0
33,2015-02-05,3,0,2,0,4,1,0,6,2.8958333333333335,-0.9166666666666666,78.10416666666667,16.020833333333332,21200,24,1.0
34,2015-02-06,3,0,2,0,5,1,0,2,2.6875,-1.6666666666666667,69.85416666666667,19.270833333333332,20955,24,1.0
35,2015-02-07,3,0,2,0,6,0,1,3,3.75,1.0208333333333333,83.02083333333333,11.3125,13149,24,1.0
36,2015-02-08,3,0,2,0,0,0,1,2,5.4375,3.1458333333333335,76.20833333333333,10.25,15778,24,1.0
37,2015-02-09,3,0,2,0,1,1,0,3,5.708333333333333,3.8541666666666665,81.4375,9.208333333333334,23858,24,1.0
38,2015-02-10,3,0,2,0,2,1,0,4,5.5,4.369565217391305,79.6086956521739,6.478260869565218,23559,23,0.9583333333333334
39,2015-02-11,3,0,2,0,3,1,0,4,5.041666666666667,3.1666666666666665,77.4375,7.645833333333333,23680,24,1.0
40,2015-02-12,3,0,2,0,4,1,0,4,3.9791666666666665,2.375,73.125,7.208333333333333,23227,24,1.0
41,2015-02-13,3,0,2,0,5,1,0,5,6.979166666666667,4.020833333333333,84.54166666666667,17.8125,17699,24,1.0
42,2015-02-14,3,0,2,0,6,0,1,4,7.3125,5.104166666666667,88.6875,12.375,14423,24,1.0
43,2015-02-15,3,0,2,0,0,0,1,4,6.6875,5.333333333333333,86.16666666666667,7.333333333333333,16952,24,1.0
44,2015-02-16,3,0,2,0,1,1,0,7,6.041666666666667,4.0625,89.70833333333333,9.75,16381,24,1.0
45,2015-02-17,3,0,2,0,2,1,0,2,5.854166666666667,3.4791666666666665,68.70833333333333,12.1875,25064,24,1.0
46,2015-02-18,3,0,2,0,3,1,0,1,6.395833333333333,3.7291666666666665,71.27083333333333,15.166666666666666,25132,24,1.0
47,2015-02-19,3,0,2,0,4,1,0,4,7.270833333333333,3.8958333333333335,81.5,21.125,16898,24,1.0
48,2015-02-20,3,0,2,0,5,1,0,3,6.645833333333333,4.8125,81.33333333333333,9.416666666666666,20715,24,1.0
49,2015-02-21,3,0,2,0,6,0,1,3,4.8125,1.625,76.33333333333333,16.208333333333332,16198,24,1.0
50,2015-02-22,3,0,2,0,0,0,1,3,5.125,1.4166666666666667,80.91666666666667,21.25,9086,24,1.0
51,2015-02-23,3,0,2,0,1,1,0,3,6.9375,2.9375,66.85416666666667,25.875,21764,24,1.0
52,2015-02-24,3,0,2,0,2,1,0,2,7.1875,3.1458333333333335,66.14583333333333,27.0,23688,24,1.0
53,2015-02-25,3,0,2,0,3,1,0,4,9.083333333333334,7.666666666666667,77.3125,11.104166666666666,21592,24,1.0
54,2015-02-26,3,0,2,0,4,1,0,4,9.25,7.4375,81.72916666666667,16.916666666666668,20036,24,1.0
55,2015-02-27,3,0,2,0,5,1,0,1,5.9375,3.1041666666666665,66.27083333333333,14.3125,24367,24,1.0
56,2015-02-28,3,0,2,0,6,0,1,6,8.6875,5.75,83.58333333333333,23.083333333333332,13529,24,1.0
57,2015-03-01,0,0,3,0,0,0,1,2,9.1875,6.416666666666667,66.6875,29.583333333333332,15641,24,1.0
58,2015-03-02,0,0,3,0,1,1,0,1,6.0625,1.7291666666666667,62.8125,28.3125,22258,24,1.0
59,2015-03-03,0,0,3,0,2,1,0,3,6.583333333333333,2.8541666666666665,64.1875,23.041666666666668,23845,24,1.0
60,2015-03-04,0,0,3,0,3,1,0,2,6.6875,3.2708333333333335,64.66666666666667,20.208333333333332,24485,24,1.0
61,2015-03-05,0,0,3,0,4,1,0,2,7.5,5.208333333333333,65.27083333333333,16.6875,24896,24,1.0
62,2015-03-06,0,0,3,0,5,1,0,2,9.104166666666666,7.1875,63.291666666666664,17.520833333333332,25337,24,1.0
63,2015-03-07,0,0,3,0,6,0,1,1,11.041666666666666,9.645833333333334,64.3125,18.395833333333332,27365,24,1.0
64,2015-03-08,0,0,3,0,0,0,1,2,10.041666666666666,9.041666666666666,78.85416666666667,14.229166666666666,20017,24,1.0
65,2015-03-09,0,0,3,0,1,1,0,3,8.354166666666666,6.416666666666667,82.83333333333333,14.3125,24037,24,1.0
66,2015-03-10,0,0,3,0,2,1,0,1,8.916666666666666,7.395833333333333,65.45833333333333,10.625,27674,24,1.0
67,2015-03-11,0,0,3,0,3,1,0,2,8.75,7.604166666666667,73.72916666666667,11.229166666666666,27419,24,1.0
68,2015-03-12,0,0,3,0,4,1,0,1,10.0,8.958333333333334,56.208333333333336,13.583333333333334,28131,24,1.0
69,2015-03-13,0,0,3,0,5,1,0,1,8.5,6.625,61.270833333333336,17.770833333333332,25700,24,1.0
70,2015-03-14,0,0,3,0,6,0,1,3,6.145833333333333,2.9583333333333335,66.97916666666667,17.958333333333332,18101,24,1.0
71,2015-03-15,0,0,3,0,0,0,1,5,6.3125,3.3125,82.20833333333333,16.3125,10662,24,1.0
72,2015-03-16,0,0,3,0,1,1,0,4,7.0,4.520833333333333,81.77083333333333,13.6875,19824,24,1.0
73,2015-03-17,0,0,3,0,2,1,0,4,8.479166666666666,7.166666666666667,85.875,10.208333333333334,25780,24,1.0
74,2015-03-18,0,0,3,0,3,1,0,3,6.895833333333333,4.583333333333333,80.0625,12.208333333333334,26439,24,1.0
75,2015-03-19,0,0,3,0,4,1,0,4,7.25,4.541666666666667,79.14583333333333,15.083333333333334,24077,24,1.0
76,2015-03-20,0,0,3,0,5,1,0,2,7.541666666666667,5.833333333333333,75.47916666666667,9.854166666666666,25226,24,1.0
77,2015-03-21,0,0,3,0,6,0,1,3,7.625,4.895833333333333,72.04166666666667,16.479166666666668,16116,24,1.0
78,2015-03-22,0,0,3,0,0,0,1,3,5.854166666666667,3.3333333333333335,67.72916666666667,12.395833333333334,18618,24,1.0
79,2015-03-23,0,0,3,0,1,1,0,3,8.0,6.479166666666667,66.16666666666667,11.916666666666666,25592,24,1.0
80,2015-03-24,0,0,3,0,2,1,0,5,7.541666666666667,5.916666666666667,69.8125,9.354166666666666,24083,24,1.0
81,2015-03-25,0,0,3,0,3,1,0,2,6.208333333333333,4.645833333333333,67.08333333333333,7.9375,25672,24,1.0
82,2015-03-26,0,0,3,0,4,1,0,3,8.416666666666666,6.1875,70.375,20.833333333333332,20305,24,1.0
83,2015-03-27,0,0,3,0,5,1,0,1,8.833333333333334,6.916666666666667,60.5,15.729166666666666,26348,24,1.0
84,2015-03-28,0,0,3,0,6,0,1,3,11.5625,11.145833333333334,80.125,22.895833333333332,18986,24,1.0
85,2015-03-29,0,0,3,0,0,0,1,5,11.304347826086955,10.08695652173913,77.44565217391305,30.77173913043478,8592,23,0.9583333333333334
86,2015-03-30,0,0,3,0,1,1,0,3,9.625,7.395833333333333,64.5625,26.333333333333332,22106,24,1.0
87,2015-03-31,0,0,3,0,2,1,0,3,10.85,9.7,55.15,41.9,22602,20,0.8333333333333334
88,2015-04-01,0,0,4,0,3,1,0,3,8.5,4.9375,59.854166666666664,31.708333333333332,23539,24,1.0
89,2015-04-02,0,0,4,0,4,1,0,3,9.0625,7.125,66.35416666666667,14.8125,22682,24,1.0
90,2015-04-03,0,0,4,1,5,0,0,6,9.395833333333334,8.583333333333334,88.08333333333333,7.916666666666667,11298,24,1.0
91,2015-04-04,0,0,4,0,6,0,1,4,8.869565217391305,7.021739130434782,77.69565217391305,12.26086956521739,12864,23,0.9583333333333334
92,2015-04-05,0,0,4,0,0,0,1,3,8.791666666666666,8.270833333333334,71.125,7.020833333333333,19369,24,1.0
93,2015-04-06,0,0,4,1,1,0,0,2,9.25,7.770833333333333,73.58333333333333,13.354166666666666,25439,24,1.0
94,2015-04-07,0,0,4,0,2,1,0,1,11.083333333333334,10.916666666666666,68.0625,6.604166666666667,29441,24,1.0
95,2015-04-08,0,0,4,0,3,1,0,2,11.75,11.375,73.95833333333333,11.020833333333334,30643,24,1.0
96,2015-04-09,0,0,4,0,4,1,0,2,10.5,9.5625,79.3125,10.5625,31520,24,1.0
97,2015-04-10,0,0,4,0,5,1,0,1,13.041666666666666,12.541666666666666,68.0,11.916666666666666,32052,24,1.0
98,2015-04-11,0,0,4,0,6,0,1,2,11.625,11.125,58.916666666666664,21.6875,25113,24,1.0
99,2015-04-12,0,0,4,0,0,0,1,1,11.791666666666666,10.916666666666666,58.645833333333336,20.208333333333332,29204,24,1.0
100,2015-04-13,0,0,4,0,1,1,0,3,11.604166666666666,11.166666666666666,68.77083333333333,9.729166666666666,28048,24,1.0
101,2015-04-14,0,0,4,0,2,1,0,1,15.645833333333334,14.895833333333334,60.770833333333336,17.166666666666668,34519,24,1.0
102,2015-04-15,0,0,4,0,3,1,0,1,17.541666666666668,17.208333333333332,51.895833333333336,14.0625,37470,24,1.0
103,2015-04-16,0,0,4,0,4,1,0,1,11.6875,10.895833333333334,66.95833333333333,19.625,30489,24,1.0
104,2015-04-17,0,0,4,0,5,1,0,2,10.583333333333334,8.916666666666666,63.625,23.645833333333332,29796,24,1.0
105,2015-04-18,0,0,4,0,6,0,1,2,9.645833333333334,8.145833333333334,63.875,22.583333333333332,29595,24,1.0
106,2015-04-19,0,0,4,0,0,0,1,3,8.416666666666666,6.666666666666667,67.8125,11.604166666666666,19736,24,1.0
107,2015-04-20,0,0,4,0,1,1,0,1,11.0625,10.4375,64.4375,13.854166666666666,32057,24,1.0
108,2015-04-21,0,0,4,0,2,1,0,1,11.375,10.854166666666666,61.604166666666664,12.75,34908,24,1.0
109,2015-04-22,0,0,4,0,3,1,0,2,10.395833333333334,9.479166666666666,72.47916666666667,16.854166666666668,32381,24,1.0
110,2015-04-23,0,0,4,0,4,1,0,2,10.395833333333334,9.020833333333334,71.66666666666667,13.208333333333334,32773,24,1.0
111,2015-04-24,0,0,4,0,5,1,0,1,13.020833333333334,12.6875,68.64583333333333,14.166666666666666,32102,24,1.0
112,2015-04-25,0,0,4,0,6,0,1,5,14.145833333333334,14.145833333333334,75.14583333333333,18.395833333333332,25194,24,1.0
113,2015-04-26,0,0,4,0,0,0,1,5,9.645833333333334,8.291666666666666,83.33333333333333,11.1875,19427,24,1.0
114,2015-04-27,0,0,4,0,1,1,0,1,9.270833333333334,8.375,55.583333333333336,10.479166666666666,30489,24,1.0
115,2015-04-28,0,0,4,0,2,1,0,1,9.708333333333334,7.875,53.479166666666664,23.041666666666668,31783,24,1.0
116,2015-04-29,0,0,4,0,3,1,0,3,9.854166666666666,8.0,71.3125,18.645833333333332,26030,24,1.0
117,2015-04-30,0,0,4,0,4,1,0,1,10.75,9.4375,57.75,18.291666666666668,31621,24,1.0
118,2015-05-01,0,0,5,0,5,1,0,2,9.083333333333334,7.229166666666667,64.25,18.875,29579,24,1.0
119,2015-05-02,0,0,5,0,6,0,1,3,9.75,8.4375,74.52083333333333,21.0625,22231,24,1.0
120,2015-05-03,0,0,5,0,0,0,1,5,14.5625,14.5,80.375,21.75,21165,24,1.0
121,2015-05-04,0,0,5,1,1,0,0,3,14.604166666666666,14.604166666666666,67.20833333333333,18.8125,26795,24,1.0
122,2015-05-05,0,0,5,0,2,1,0,3,14.645833333333334,14.645833333333334,69.35416666666667,31.041666666666668,26488,24,1.0
123,2015-05-06,0,0,5,0,3,1,0,5,12.5,12.25,70.54166666666667,32.166666666666664,24438,24,1.0
124,2015-05-07,0,0,5,0,4,1,0,2,13.166666666666666,13.104166666666666,62.3125,19.625,31144,24,1.0
125,2015-05-08,0,0,5,0,5,1,0,2,13.083333333333334,12.979166666666666,71.16666666666667,12.104166666666666,26878,24,1.0
126,2015-05-09,0,0,5,0,6,0,1,2,14.8125,14.8125,59.395833333333336,26.270833333333332,27810,24,1.0
127,2015-05-10,0,0,5,0,0,0,1,2,14.770833333333334,14.645833333333334,66.58333333333333,13.6875,32226,24,1.0
128,2015-05-11,0,0,5,0,1,1,0,1,17.333333333333332,17.333333333333332,64.52083333333333,17.25,33719,24,1.0
129,2015-05-12,0,0,5,0,2,1,0,1,14.5625,14.5625,53.416666666666664,23.229166666666668,33820,24,1.0
130,2015-05-13,0,0,5,0,3,1,0,1,13.75,13.354166666666666,56.479166666666664,11.666666666666666,36699,24,1.0
131,2015-05-14,0,0,5,0,4,1,0,5,9.895833333333334,7.895833333333333,84.95833333333333,21.375,15609,24,1.0
132,2015-05-15,0,0,5,0,5,1,0,4,11.791666666666666,11.020833333333334,69.54166666666667,14.0625,32343,24,1.0
133,2015-05-16,0,0,5,0,6,0,1,2,15.145833333333334,15.145833333333334,59.875,19.916666666666668,32526,24,1.0
134,2015-05-17,0,0,5,0,0,0,1,1,13.583333333333334,13.25,56.395833333333336,17.166666666666668,31323,24,1.0
135,2015-05-18,0,0,5,0,1,1,0,3,12.416666666666666,11.979166666666666,68.29166666666667,25.104166666666668,24288,24,1.0
136,2015-05-19,0,0,5,0,2,1,0,4,10.916666666666666,9.5,63.125,24.270833333333332,28331,24,1.0
137,2015-05-20,0,0,5,0,3,1,0,2,11.520833333333334,10.458333333333334,61.1875,18.6875,30534,24,1.0
138,2015-05-21,0,0,5,0,4,1,0,1,14.625,14.020833333333334,53.020833333333336,15.75,34833,24,1.0
139,2015-05-22,0,0,5,0,5,1,0,2,15.6875,15.395833333333334,65.70833333333333,13.666666666666666,33435,24,1.0
140,2015-05-23,0,0,5,0,6,0,1,3,14.666666666666666,14.666666666666666,68.9375,15.020833333333334,23849,24,1.0
141,2015-05-24,0,0,5,0,0,0,1,3,15.791666666666666,15.791666666666666,64.3125,11.479166666666666,30018,24,1.0
142,2015-05-25,0,0,5,1,1,0,0,3,13.75,13.75,60.875,13.604166666666666,29502,24,1.0
143,2015-05-26,0,0,5,0,2,1,0,2,14.916666666666666,14.916666666666666,60.0625,14.604166666666666,34809,24,1.0
144,2015-05-27,0,0,5,0,3,1,0,2,14.791666666666666,14.541666666666666,56.416666666666664,16.6875,36407,24,1.0
145,2015-05-28,0,0,5,0,4,1,0,2,15.041666666666666,15.041666666666666,49.9375,23.208333333333332,34387,24,1.0
146,2015-05-29,0,0,5,0,5,1,0,2,12.375,12.375,64.04166666666667,22.208333333333332,26023,24,1.0
147,2015-05-30,0,0,5,0,6,0,1,1,13.083333333333334,12.416666666666666,57.770833333333336,17.833333333333332,29206,24,1.0
148,2015-05-31,0,0,5,0,0,0,1,4,13.854166666666666,13.854166666666666,72.875,22.333333333333332,14998,24,1.0
149,2015-06-01,1,0,6,0,1,1,0,3,12.104166666666666,11.4375,62.833333333333336,23.645833333333332,27864,24,1.0
150,2015-06-02,1,0,6,0,2,1,0,4,15.666666666666666,15.666666666666666,75.02083333333333,33.520833333333336,27939,24,1.0
151,2015-06-03,1,0,6,0,3,1,0,2,16.125,16.125,53.0625,17.583333333333332,35377,24,1.0
152,2015-06-04,1,0,6,0,4,1,0,1,17.0,16.833333333333332,56.333333333333336,12.854166666666666,39451,24,1.0
153,2015-06-05,1,0,6,0,5,1,0,2,19.833333333333332,19.833333333333332,63.5,19.452380952380953,34563,21,0.875
154,2015-06-06,1,0,6,0,6,0,1,1,15.270833333333334,15.229166666666666,51.1875,23.791666666666668,32820,24,1.0
155,2015-06-07,1,0,6,0,0,0,1,1,15.0,14.916666666666666,55.979166666666664,12.520833333333334,35407,24,1.0
156,2015-06-08,1,0,6,0,1,1,0,2,13.604166666666666,13.541666666666666,63.854166666666664,13.541666666666666,32587,24,1.0
157,2015-06-09,1,0,6,0,2,1,0,2,12.041666666666666,11.3125,59.1875,21.020833333333332,33255,24,1.0
158,2015-06-10,1,0,6,0,3,1,0,2,13.979166666666666,13.8125,57.833333333333336,21.958333333333332,35707,24,1.0
159,2015-06-11,1,0,6,0,4,1,0,1,16.8125,16.6875,63.104166666666664,20.416666666666668,38808,24,1.0
160,2015-06-12,1,0,6,0,5,1,0,2,18.75,18.75,69.58333333333333,12.208333333333334,35172,24,1.0
161,2015-06-13,1,0,6,0,6,0,1,4,17.458333333333332,17.458333333333332,77.35416666666667,18.333333333333332,30298,24,1.0
162,2015-06-14,1,0,6,0,0,0,1,3,14.854166666666666,14.854166666666666,78.5,13.145833333333334,25235,24,1.0
163,2015-06-15,1,0,6,0,1,1,0,2,14.270833333333334,14.270833333333334,64.70833333333333,16.875,34558,24,1.0
164,2015-06-16,1,0,6,0,2,1,0,1,17.041666666666668,16.895833333333332,58.541666666666664,8.125,37923,24,1.0
165,2015-06-17,1,0,6,0,3,1,0,2,19.645833333333332,19.645833333333332,65.54166666666667,21.916666666666668,38591,24,1.0
166,2015-06-18,1,0,6,0,4,1,0,2,17.875,17.875,57.25,18.083333333333332,38687,24,1.0
167,2015-06-19,1,0,6,0,5,1,0,2,16.354166666666668,16.354166666666668,58.541666666666664,16.020833333333332,35966,24,1.0
168,2015-06-20,1,0,6,0,6,0,1,3,16.645833333333332,16.645833333333332,74.8125,9.75,26295,24,1.0
169,2015-06-21,1,0,6,0,0,0,1,3,17.458333333333332,17.458333333333332,62.6875,23.041666666666668,30393,24,1.0
170,2015-06-22,1,0,6,0,1,1,0,4,14.6875,14.6875,70.85416666666667,20.916666666666668,29557,24,1.0
171,2015-06-23,1,0,6,0,2,1,0,2,15.8125,15.8125,60.4375,14.104166666666666,37472,24,1.0
172,2015-06-24,1,0,6,0,3,1,0,1,18.625,18.4375,57.208333333333336,16.083333333333332,38940,24,1.0
173,2015-06-25,1,0,6,0,4,1,0,1,19.645833333333332,19.583333333333332,56.979166666666664,13.541666666666666,38673,24,1.0
174,2015-06-26,1,0,6,0,5,1,0,1,20.604166666666668,20.604166666666668,55.25,15.916666666666666,37019,24,1.0
175,2015-06-27,1,0,6,0,6,0,1,1,19.541666666666668,19.208333333333332,57.354166666666664,17.0,36581,24,1.0
176,2015-06-28,1,0,6,0,0,0,1,2,19.125,19.125,64.25,15.333333333333334,25706,24,1.0
177,2015-06-29,1,0,6,0,1,1,0,1,20.583333333333332,20.458333333333332,54.645833333333336,13.416666666666666,39082,24,1.0
178,2015-06-30,1,0,6,0,2,1,0,1,22.375,22.0,50.354166666666664,14.895833333333334,43326,24,1.0
179,2015-07-01,1,0,7,0,3,1,0,2,27.375,27.4375,50.979166666666664,17.3125,42641,24,1.0
180,2015-07-02,1,0,7,0,4,1,0,2,22.291666666666668,22.291666666666668,64.5625,15.208333333333334,38262,24,1.0
181,2015-07-03,1,0,7,0,5,1,0,1,19.916666666666668,19.875,63.666666666666664,17.458333333333332,39611,24,1.0
182,2015-07-04,1,0,7,0,6,0,1,2,22.229166666666668,22.229166666666668,66.16666666666667,17.4375,38283,24,1.0
183,2015-07-05,1,0,7,0,0,0,1,2,18.645833333333332,18.604166666666668,64.66666666666667,13.729166666666666,29716,24,1.0
184,2015-07-06,1,0,7,0,1,1,0,1,18.979166666666668,18.729166666666668,58.979166666666664,15.479166666666666,38620,24,1.0
185,2015-07-07,1,0,7,0,2,1,0,2,19.458333333333332,19.354166666666668,58.125,21.520833333333332,37908,24,1.0
186,2015-07-08,1,0,7,0,3,1,0,3,17.8125,17.8125,62.4375,23.833333333333332,41703,24,1.0
187,2015-07-09,1,0,7,0,4,1,0,1,17.791666666666668,17.541666666666668,48.979166666666664,12.979166666666666,72504,24,1.0
188,2015-07-10,1,0,7,0,5,1,0,1,20.833333333333332,20.333333333333332,47.229166666666664,12.854166666666666,42779,24,1.0
189,2015-07-11,1,0,7,0,6,0,1,2,21.375,21.291666666666668,54.229166666666664,17.416666666666668,42091,24,1.0
190,2015-07-12,1,0,7,0,0,0,1,3,18.520833333333332,18.520833333333332,75.47916666666667,21.6875,23240,24,1.0
191,2015-07-13,1,0,7,0,1,1,0,4,18.956521739130434,18.956521739130434,81.45652173913044,20.043478260869566,26920,23,0.9583333333333334
192,2015-07-14,1,0,7,0,2,1,0,4,19.416666666666668,19.416666666666668,76.64583333333333,15.979166666666666,35348,24,1.0
193,2015-07-15,1,0,7,0,3,1,0,3,19.645833333333332,19.645833333333332,76.91666666666667,12.0,34574,24,1.0
194,2015-07-16,1,0,7,0,4,1,0,2,19.916666666666668,19.916666666666668,65.47916666666667,22.041666666666668,39306,24,1.0
195,2015-07-17,1,0,7,0,5,1,0,2,20.4375,20.4375,62.708333333333336,19.958333333333332,38505,24,1.0
196,2015-07-18,1,0,7,0,6,0,1,2,18.708333333333332,18.458333333333332,53.958333333333336,17.583333333333332,38491,24,1.0
197,2015-07-19,1,0,7,0,0,0,1,2,20.0,19.708333333333332,49.291666666666664,18.979166666666668,36693,24,1.0
198,2015-07-20,1,0,7,0,1,1,0,3,19.142857142857142,19.142857142857142,77.88095238095238,13.357142857142858,27163,21,0.875
199,2015-07-21,1,0,7,0,2,1,0,2,20.395833333333332,20.395833333333332,58.354166666666664,22.395833333333332,40696,24,1.0
200,2015-07-22,1,0,7,0,3,1,0,2,19.333333333333332,19.229166666666668,60.958333333333336,17.75,37915,24,1.0
201,2015-07-23,1,0,7,0,4,1,0,1,18.166666666666668,18.125,56.520833333333336,13.5625,39092,24,1.0
202,2015-07-24,1,0,7,0,5,1,0,5,15.854166666666666,15.854166666666666,75.41666666666667,11.458333333333334,16034,24,1.0
203,2015-07-25,1,0,7,0,6,0,1,3,16.6875,16.6875,61.708333333333336,19.916666666666668,32608,24,1.0
204,2015-07-26,1,0,7,0,0,0,1,3,15.458333333333334,15.458333333333334,77.625,16.25,12398,24,1.0
205,2015-07-27,1,0,7,0,1,1,0,3,17.770833333333332,17.770833333333332,67.1875,28.208333333333332,31904,24,1.0
206,2015-07-28,1,0,7,0,2,1,0,3,17.125,17.125,58.791666666666664,27.854166666666668,36101,24,1.0
207,2015-07-29,1,0,7,0,3,1,0,2,15.833333333333334,15.833333333333334,60.895833333333336,19.666666666666668,36761,24,1.0
208,2015-07-30,1,0,7,0,4,1,0,2,15.9375,15.9375,60.208333333333336,14.854166666666666,36145,24,1.0
209,2015-07-31,1,0,7,0,5,1,0,1,16.958333333333332,16.895833333333332,58.645833333333336,8.1875,36675,24,1.0
210,2015-08-01,1,0,8,0,6,0,1,1,17.666666666666668,17.5625,55.6875,12.604166666666666,43017,24,1.0
211,2015-08-02,1,0,8,0,0,0,1,1,19.791666666666668,19.541666666666668,57.770833333333336,12.5,43295,24,1.0
212,2015-08-03,1,0,8,0,1,1,0,2,19.833333333333332,19.833333333333332,68.25,17.625,35402,24,1.0
213,2015-08-04,1,0,8,0,2,1,0,2,18.270833333333332,18.25,61.0,22.916666666666668,37644,24,1.0
214,2015-08-05,1,0,8,0,3,1,0,2,18.375,18.354166666666668,64.5625,11.0625,38770,24,1.0
215,2015-08-06,1,0,8,0,4,1,0,2,19.4375,19.4375,67.70833333333333,14.895833333333334,63468,24,1.0
216,2015-08-07,1,0,8,0,5,1,0,2,19.520833333333332,19.520833333333332,62.708333333333336,8.958333333333334,39486,24,1.0
217,2015-08-08,1,0,8,0,6,0,1,2,19.729166666666668,19.729166666666668,69.4375,11.041666666666666,38993,24,1.0
218,2015-08-09,1,0,8,0,0,0,1,1,21.25,21.104166666666668,55.8125,12.270833333333334,40441,24,1.0
219,2015-08-10,1,0,8,0,1,1,0,3,20.333333333333332,20.333333333333332,74.02083333333333,18.104166666666668,35335,24,1.0
220,2015-08-11,1,0,8,0,2,1,0,4,18.3125,18.3125,64.5625,7.4375,34318,24,1.0
221,2015-08-12,1,0,8,0,3,1,0,3,18.541666666666668,18.541666666666668,70.39583333333333,16.770833333333332,36548,24,1.0
222,2015-08-13,1,0,8,0,4,1,0,5,18.9375,18.9375,83.89583333333333,15.145833333333334,25974,24,1.0
223,2015-08-14,1,0,8,0,5,1,0,4,19.020833333333332,19.020833333333332,85.60416666666667,12.541666666666666,25419,24,1.0
224,2015-08-15,1,0,8,0,6,0,1,2,17.583333333333332,17.583333333333332,63.291666666666664,13.5,33739,24,1.0
225,2015-08-16,1,0,8,0,0,0,1,2,16.8125,16.8125,63.416666666666664,7.0,30616,24,1.0
226,2015-08-17,1,0,8,0,1,1,0,1,17.8125,17.8125,55.770833333333336,9.666666666666666,35695,24,1.0
227,2015-08-18,1,0,8,0,2,1,0,1,17.625,17.625,59.520833333333336,16.145833333333332,34530,24,1.0
228,2015-08-19,1,0,8,0,3,1,0,3,17.9375,17.9375,68.5,15.083333333333334,31640,24,1.0
229,2015-08-20,1,0,8,0,4,1,0,4,19.041666666666668,19.041666666666668,81.375,13.8125,32554,24,1.0
230,2015-08-21,1,0,8,0,5,1,0,2,22.104166666666668,22.104166666666668,68.91666666666667,14.5625,35882,24,1.0
231,2015-08-22,1,0,8,0,6,0,1,1,23.208333333333332,23.1875,62.770833333333336,12.291666666666666,44187,24,1.0
232,2015-08-23,1,0,8,0,0,0,1,2,19.5,19.5,68.0,16.854166666666668,27001,24,1.0
233,2015-08-24,1,0,8,0,1,1,0,5,15.833333333333334,15.833333333333334,87.45833333333333,13.375,17400,24,1.0
234,2015-08-25,1,0,8,0,2,1,0,3,16.208333333333332,16.208333333333332,79.33333333333333,20.104166666666668,28152,24,1.0
235,2015-08-26,1,0,8,0,3,1,0,4,18.25,18.25,80.72916666666667,21.979166666666668,23738,24,1.0
236,2015-08-27,1,0,8,0,4,1,0,2,16.770833333333332,16.770833333333332,73.04166666666667,17.5,30528,24,1.0
237,2015-08-28,1,0,8,0,5,1,0,1,16.958333333333332,16.958333333333332,66.9375,15.8125,32950,24,1.0
238,2015-08-29,1,0,8,0,6,0,1,3,18.291666666666668,18.270833333333332,72.72916666666667,7.770833333333333,22618,24,1.0
239,2015-08-30,1,0,8,0,0,0,1,4,17.833333333333332,17.833333333333332,80.3125,10.479166666666666,24972,24,1.0
240,2015-08-31,1,0,8,1,1,0,0,6,15.479166666666666,15.479166666666666,89.54166666666667,10.4375,9639,24,1.0
241,2015-09-01,2,0,9,0,2,1,0,3,15.479166666666666,15.479166666666666,79.83333333333333,9.5,25556,24,1.0
242,2015-09-02,2,0,9,0,3,1,0,3,14.6875,14.6875,73.25,10.229166666666666,30180,24,1.0
243,2015-09-03,2,0,9,0,4,1,0,2,13.9375,13.9375,68.75,12.958333333333334,30950,24,1.0
244,2015-09-04,2,0,9,0,5,1,0,3,14.291666666666666,14.291666666666666,65.33333333333333,13.125,29709,24,1.0
245,2015-09-05,2,0,9,0,6,0,1,3,13.4375,13.4375,71.47916666666667,11.291666666666666,22317,24,1.0
246,2015-09-06,2,0,9,0,0,0,1,1,14.125,13.854166666666666,64.70833333333333,9.8125,29429,24,1.0
247,2015-09-07,2,0,9,0,1,1,0,2,14.333333333333334,14.333333333333334,72.16666666666667,9.8125,31692,24,1.0
248,2015-09-08,2,0,9,0,2,1,0,3,14.145833333333334,14.145833333333334,73.375,8.375,32781,24,1.0
249,2015-09-09,2,0,9,0,3,1,0,3,15.8125,15.8125,71.64583333333333,14.083333333333334,33116,24,1.0
250,2015-09-10,2,0,9,0,4,1,0,1,16.1875,16.1875,71.83333333333333,15.0,35734,24,1.0
251,2015-09-11,2,0,9,0,5,1,0,1,16.568181818181817,16.568181818181817,71.95454545454545,16.84090909090909,33190,22,0.9166666666666666
252,2015-09-12,2,0,9,0,6,0,1,3,18.27777777777778,18.27777777777778,63.80555555555556,17.52777777777778,27023,18,0.75
253,2015-09-13,2,0,9,0,0,0,1,1,14.020833333333334,14.020833333333334,73.0,10.958333333333334,26166,24,1.0
254,2015-09-14,2,0,9,0,1,1,0,4,14.5,14.5,78.77083333333333,18.625,25811,24,1.0
255,2015-09-15,2,0,9,0,2,1,0,3,14.25,14.25,74.95833333333333,18.0,28066,24,1.0
256,2015-09-16,2,0,9,0,3,1,0,5,13.75,13.75,89.66666666666667,13.416666666666666,18653,24,1.0
257,2015-09-17,2,0,9,0,4,1,0,3,14.791666666666666,14.791666666666666,72.75,16.6875,32075,24,1.0
258,2015-09-18,2,0,9,0,5,1,0,3,15.0625,15.0625,78.39583333333333,9.5,29829,24,1.0
259,2015-09-19,2,0,9,0,6,0,1,2,15.195652173913045,15.195652173913045,70.95652173913044,6.978260869565218,31826,23,0.9583333333333334
260,2015-09-20,2,0,9,0,0,0,1,1,15.416666666666666,15.416666666666666,73.66666666666667,11.354166666666666,31141,24,1.0
261,2015-09-21,2,0,9,0,1,1,0,3,14.708333333333334,14.708333333333334,83.5625,13.458333333333334,23676,24,1.0
262,2015-09-22,2,0,9,0,2,1,0,4,12.416666666666666,12.416666666666666,83.14583333333333,12.5625,20434,24,1.0
263,2015-09-23,2,0,9,0,3,1,0,2,14.125,13.916666666666666,71.45833333333333,18.291666666666668,33977,24,1.0
264,2015-09-24,2,0,9,0,4,1,0,3,15.583333333333334,15.583333333333334,71.6875,19.9375,29396,24,1.0
265,2015-09-25,2,0,9,0,5,1,0,1,13.729166666666666,13.729166666666666,67.52083333333333,10.729166666666666,34783,24,1.0
266,2015-09-26,2,0,9,0,6,0,1,1,13.1875,13.166666666666666,68.9375,8.5,32636,24,1.0
267,2015-09-27,2,0,9,0,0,0,1,2,13.645833333333334,13.583333333333334,72.58333333333333,11.645833333333334,29817,24,1.0
268,2015-09-28,2,0,9,0,1,1,0,2,13.979166666666666,13.979166666666666,74.1875,14.916666666666666,33138,24,1.0
269,2015-09-29,2,0,9,0,2,1,0,2,14.75,14.75,70.10416666666667,16.354166666666668,34436,24,1.0
270,2015-09-30,2,0,9,0,3,1,0,2,14.3125,14.3125,68.16666666666667,17.020833333333332,34941,24,1.0
271,2015-10-01,2,0,10,0,4,1,0,2,14.25,14.25,71.875,15.770833333333334,34562,24,1.0
272,2015-10-02,2,0,10,0,5,1,0,1,13.6875,13.6875,73.3125,10.729166666666666,35503,24,1.0
273,2015-10-03,2,0,10,0,6,0,1,2,12.666666666666666,12.666666666666666,81.22916666666667,5.708333333333333,28956,24,1.0
274,2015-10-04,2,0,10,0,0,0,1,2,13.333333333333334,13.104166666666666,72.83333333333333,9.854166666666666,29884,24,1.0
275,2015-10-05,2,0,10,0,1,1,0,5,15.895833333333334,15.895833333333334,87.9375,13.75,20741,24,1.0
276,2015-10-06,2,0,10,0,2,1,0,5,16.645833333333332,16.645833333333332,87.22916666666667,12.416666666666666,25892,24,1.0
277,2015-10-07,2,0,10,0,3,1,0,4,14.875,14.875,81.9375,19.083333333333332,28629,24,1.0
278,2015-10-08,2,0,10,0,4,1,0,2,12.395833333333334,11.8125,72.83333333333333,8.416666666666666,33676,24,1.0
279,2015-10-09,2,0,10,0,5,1,0,1,12.565217391304348,12.5,76.76086956521739,6.913043478260869,32006,23,0.9583333333333334
280,2015-10-10,2,0,10,0,6,0,1,2,13.0,12.979166666666666,81.3125,11.125,29416,24,1.0
281,2015-10-11,2,0,10,0,0,0,1,2,12.291666666666666,12.041666666666666,72.5625,13.208333333333334,27796,24,1.0
282,2015-10-12,2,0,10,0,1,1,0,3,11.270833333333334,10.958333333333334,70.08333333333333,10.0,31292,24,1.0
283,2015-10-13,2,0,10,0,2,1,0,2,10.583333333333334,9.416666666666666,73.41666666666667,14.52777777777778,20114,18,0.75
284,2015-10-14,2,0,10,0,3,1,0,2,10.479166666666666,9.8125,75.04166666666667,13.5,30579,24,1.0
285,2015-10-15,2,0,10,0,4,1,0,3,11.229166666666666,10.5625,77.875,13.145833333333334,30874,24,1.0
286,2015-10-16,2,0,10,0,5,1,0,3,12.5,12.5,78.5625,16.479166666666668,30075,24,1.0
287,2015-10-17,2,0,10,0,6,0,1,4,12.0625,12.0625,76.75,13.75,24327,24,1.0
288,2015-10-18,2,0,10,0,0,0,1,4,13.041666666666666,13.041666666666666,79.72916666666667,9.145833333333334,23070,24,1.0
289,2015-10-19,2,0,10,0,1,1,0,3,12.729166666666666,12.729166666666666,79.1875,7.375,29952,24,1.0
290,2015-10-20,2,0,10,0,2,1,0,2,11.541666666666666,11.25,75.52083333333333,8.020833333333334,32718,24,1.0
291,2015-10-21,2,0,10,0,3,1,0,5,12.5,12.291666666666666,88.4375,15.520833333333334,18922,24,1.0
292,2015-10-22,2,0,10,0,4,1,0,3,13.979166666666666,13.979166666666666,69.91666666666667,16.916666666666668,30326,24,1.0
293,2015-10-23,2,0,10,0,5,1,0,4,12.875,12.875,65.5,7.520833333333333,30273,24,1.0
294,2015-10-24,2,0,10,0,6,0,1,5,12.729166666666666,12.520833333333334,77.75,10.791666666666666,16876,24,1.0
295,2015-10-25,2,0,10,0,0,0,1,1,9.0,7.826086956521739,75.69565217391305,8.507246376811594,23133,23,0.9583333333333334
296,2015-10-26,2,0,10,0,1,1,0,3,11.708333333333334,11.0,85.91666666666667,13.5625,30364,24,1.0
297,2015-10-27,2,0,10,0,2,1,0,2,14.395833333333334,14.395833333333334,84.95833333333333,12.229166666666666,32436,24,1.0
298,2015-10-28,2,0,10,0,3,1,0,4,13.583333333333334,13.583333333333334,84.77083333333333,10.875,23881,24,1.0
299,2015-10-29,2,0,10,0,4,1,0,3,13.416666666666666,13.270833333333334,87.79166666666667,13.395833333333334,27339,24,1.0
300,2015-10-30,2,0,10,0,5,1,0,4,14.6875,14.6875,82.04166666666667,13.583333333333334,23970,24,1.0
301,2015-10-31,2,0,10,0,6,0,1,2,12.375,12.375,87.89583333333333,9.75,27464,24,1.0
302,2015-11-01,2,0,11,0,0,0,1,4,9.208333333333334,8.854166666666666,97.6875,5.208333333333333,22848,24,1.0
303,2015-11-02,2,0,11,0,1,1,0,3,10.5,10.041666666666666,95.0,9.166666666666666,28033,24,1.0
304,2015-11-03,2,0,11,0,2,1,0,2,11.895833333333334,11.708333333333334,88.625,9.041666666666666,30710,24,1.0
305,2015-11-04,2,0,11,0,3,1,0,4,13.479166666666666,13.479166666666666,88.54166666666667,8.395833333333334,23462,24,1.0
306,2015-11-05,2,0,11,0,4,1,0,5,15.166666666666666,15.166666666666666,87.4375,14.333333333333334,24503,24,1.0
307,2015-11-06,2,0,11,0,5,1,0,3,16.229166666666668,16.229166666666668,84.8125,18.125,25431,24,1.0
308,2015-11-07,2,0,11,0,6,0,1,4,15.770833333333334,15.770833333333334,83.64583333333333,22.895833333333332,14881,24,1.0
309,2015-11-08,2,0,11,0,0,0,1,3,14.166666666666666,14.0625,85.47916666666667,16.291666666666668,18754,24,1.0
310,2015-11-09,2,0,11,0,1,1,0,2,13.875,13.875,73.97916666666667,27.041666666666668,28474,24,1.0
311,2015-11-10,2,0,11,0,2,1,0,3,15.75,15.75,81.47916666666667,22.9375,29206,24,1.0
312,2015-11-11,2,0,11,0,3,1,0,3,14.770833333333334,14.770833333333334,71.70833333333333,20.333333333333332,29899,24,1.0
313,2015-11-12,2,0,11,0,4,1,0,3,14.25,14.25,81.1875,17.229166666666668,28962,24,1.0
314,2015-11-13,2,0,11,0,5,1,0,3,10.666666666666666,8.833333333333334,66.0,27.9375,25252,24,1.0
315,2015-11-14,2,0,11,0,6,0,1,4,11.25,9.791666666666666,81.29166666666667,23.333333333333332,8898,24,1.0
316,2015-11-15,2,0,11,0,0,0,1,3,15.520833333333334,15.520833333333334,72.47916666666667,34.0625,17594,24,1.0
317,2015-11-16,2,0,11,0,1,1,0,4,13.645833333333334,13.645833333333334,73.625,21.875,26507,24,1.0
318,2015-11-17,2,0,11,0,2,1,0,5,14.772727272727272,14.772727272727272,77.38636363636364,29.204545454545453,22768,22,0.9166666666666666
319,2015-11-18,2,0,11,0,3,1,0,3,14.02777777777778,14.02777777777778,69.5,31.666666666666668,25926,18,0.75
320,2015-11-19,2,0,11,0,4,1,0,4,11.583333333333334,11.1875,80.0,21.520833333333332,23695,24,1.0
321,2015-11-20,2,0,11,0,5,1,0,2,9.0625,6.104166666666667,67.5,22.3125,25788,24,1.0
322,2015-11-21,2,0,11,0,6,0,1,4,4.375,-0.375,68.02083333333333,26.25,12751,24,1.0
323,2015-11-22,2,0,11,0,0,0,1,1,3.5208333333333335,0.7916666666666666,74.66666666666667,10.666666666666666,13118,24,1.0
324,2015-11-23,2,0,11,0,1,1,0,2,5.041666666666667,2.7291666666666665,74.95833333333333,11.145833333333334,23908,24,1.0
325,2015-11-24,2,0,11,0,2,1,0,6,9.041666666666666,6.229166666666667,83.70833333333333,19.916666666666668,21175,24,1.0
326,2015-11-25,2,0,11,0,3,1,0,3,8.9375,6.9375,76.66666666666667,16.166666666666668,26000,24,1.0
327,2015-11-26,2,0,11,0,4,1,0,2,9.395833333333334,8.520833333333334,86.3125,7.541666666666667,26626,24,1.0
328,2015-11-27,2,0,11,0,5,1,0,4,11.291666666666666,10.541666666666666,83.66666666666667,20.729166666666668,23517,24,1.0
329,2015-11-28,2,0,11,0,6,0,1,3,8.125,5.354166666666667,69.8125,27.25,16336,24,1.0
330,2015-11-29,2,0,11,0,0,0,1,4,12.041666666666666,12.041666666666666,72.04166666666667,34.083333333333336,11392,24,1.0
331,2015-11-30,2,0,11,0,1,1,0,5,12.021739130434783,11.478260869565217,77.52173913043478,26.065217391304348,20918,23,0.9583333333333334
332,2015-12-01,3,0,12,0,2,1,0,4,13.041666666666666,12.979166666666666,74.3125,20.25,26559,24,1.0
333,2015-12-02,3,0,12,0,3,1,0,3,13.020833333333334,13.020833333333334,72.47916666666667,20.75,27789,24,1.0
334,2015-12-03,3,0,12,0,4,1,0,3,12.916666666666666,12.916666666666666,76.9375,21.125,25899,24,1.0
335,2015-12-04,3,0,12,0,5,1,0,3,11.041666666666666,9.979166666666666,70.27083333333333,25.0625,25956,24,1.0
336,2015-12-05,3,0,12,0,6,0,1,3,12.645833333333334,12.645833333333334,66.27083333333333,36.833333333333336,16511,24,1.0
337,2015-12-06,3,0,12,0,0,0,1,4,13.4375,13.4375,80.27083333333333,23.145833333333332,15478,24,1.0
338,2015-12-07,3,0,12,0,1,1,0,3,13.3125,13.3125,81.54166666666667,14.479166666666666,25734,24,1.0
339,2015-12-08,3,0,12,0,2,1,0,3,12.270833333333334,11.708333333333334,73.75,20.75,23430,24,1.0
340,2015-12-09,3,0,12,0,3,1,0,2,9.583333333333334,8.458333333333334,73.89583333333333,18.270833333333332,27562,24,1.0
341,2015-12-10,3,0,12,0,4,1,0,4,11.541666666666666,11.375,77.89583333333333,22.4375,23115,24,1.0
342,2015-12-11,3,0,12,0,5,1,0,3,10.083333333333334,8.875,76.04166666666667,20.375,23259,24,1.0
343,2015-12-12,3,0,12,0,6,0,1,3,11.675,11.2,73.075,23.375,15815,20,0.8333333333333334
344,2015-12-13,3,0,12,0,0,0,1,5,8.4375,6.9375,91.35416666666669,10.25,12291,24,1.0
345,2015-12-14,3,0,12,0,1,1,0,4,9.208333333333334,7.729166666666667,84.97916666666667,9.729166666666666,23835,24,1.0
346,2015-12-15,3,0,12,0,2,1,0,5,11.458333333333334,11.125,92.25,10.708333333333334,20201,24,1.0
347,2015-12-16,3,0,12,0,3,1,0,4,14.479166666666666,14.479166666666666,81.6875,20.458333333333332,25558,24,1.0
348,2015-12-17,3,0,12,0,4,1,0,2,14.3125,14.3125,72.45833333333333,18.9375,25804,24,1.0
349,2015-12-18,3,0,12,0,5,1,0,3,13.104166666666666,13.104166666666666,79.04166666666667,17.1875,25730,24,1.0
350,2015-12-19,3,0,12,0,6,0,1,2,15.375,15.375,74.54166666666667,22.333333333333332,18754,24,1.0
351,2015-12-20,3,0,12,0,0,0,1,3,12.770833333333334,12.541666666666666,74.29166666666667,20.375,13060,24,1.0
352,2015-12-21,3,0,12,0,1,1,0,3,10.875,9.6875,77.54166666666667,22.604166666666668,18136,24,1.0
353,2015-12-22,3,0,12,0,2,1,0,5,14.1875,14.1875,80.66666666666667,31.395833333333332,17458,24,1.0
354,2015-12-23,3,0,12,0,3,1,0,2,11.354166666666666,11.083333333333334,69.04166666666667,23.166666666666668,18451,24,1.0
355,2015-12-24,3,0,12,0,4,1,0,3,10.916666666666666,9.895833333333334,68.3125,25.5625,8908,24,1.0
356,2015-12-25,3,0,12,1,5,0,0,4,11.270833333333334,10.354166666666666,79.4375,18.041666666666668,22423,24,1.0
357,2015-12-26,3,0,12,0,6,0,1,4,14.729166666666666,14.729166666666666,74.08333333333333,27.416666666666668,10230,24,1.0
358,2015-12-27,3,0,12,0,0,0,1,4,14.333333333333334,14.333333333333334,81.14583333333333,22.0,9378,24,1.0
359,2015-12-28,3,0,12,1,1,0,0,1,11.729166666666666,11.5625,73.41666666666667,15.041666666666666,13732,24,1.0
360,2015-12-29,3,0,12,0,2,1,0,3,11.75,11.583333333333334,74.52083333333333,17.208333333333332,15592,24,1.0
361,2015-12-30,3,0,12,0,3,1,0,4,12.583333333333334,12.541666666666666,69.375,25.083333333333332,12301,24,1.0
362,2015-12-31,3,0,12,0,4,1,0,3,9.520833333333334,7.229166666666667,69.3125,23.395833333333332,13889,24,1.0
